{
  "modello": "tfidf_linear_svc",
  "random_state": 42,
  "test_size": 0.2,
  "categoria": {
    "accuracy": 0.9791666666666666,
    "f1_macro": 0.9746168582375478
  },
  "priorita": {
    "accuracy": 0.7916666666666666,
    "f1_macro": 0.8013711639282416
  }
}