{
  "modello": "tfidf_linear_svc",
  "random_state": 42,
  "test_size": 0.2,
  "categoria": {
    "accuracy": 0.9895833333333334,
    "f1_macro": 0.9903206291591046
  },
  "priorita": {
    "accuracy": 0.8125,
    "f1_macro": 0.8107689595167461
  }
}