{
    "categoria_accuracy": 0.9166666666666666,
    "categoria_f1_macro": 0.9129346622369878,
    "priorita_accuracy": 0.7708333333333334,
    "priorita_f1_macro": 0.7708850289495451
}