{
    "categoria_accuracy": 0.9479166666666666,
    "categoria_f1_macro": 0.937719083720551,
    "priorita_accuracy": 0.7291666666666666,
    "priorita_f1_macro": 0.7355908289241623
}