{
    "categoria_accuracy": 0.8645833333333334,
    "categoria_f1_macro": 0.8567226577081001,
    "priorita_accuracy": 0.7395833333333334,
    "priorita_f1_macro": 0.737966401690037
}