{
    "categoria_accuracy": 0.9166666666666666,
    "categoria_f1_macro": 0.9079036905123861,
    "priorita_accuracy": 0.6666666666666666,
    "priorita_f1_macro": 0.6798960828175679
}