{"categoria_accuracy": 0.9791666666666666, "categoria_f1": 0.9746168582375478, "priorita_accuracy": 0.7916666666666666, "priorita_f1": 0.8013711639282416}