{
    "categoria_accuracy": 0.9895833333333334,
    "categoria_f1_macro": 0.9903206291591046,
    "priorita_accuracy": 0.8125,
    "priorita_f1_macro": 0.8107689595167461
}